gX,gZ,gY,aX,aZ,aY,p1,p2,p3
-91.95,12.17,61.18,-0.50,0.65,0.79,597,1616,1231
-105.63,1.86,1.80,-1.45,-0.00,1.23,593,1616,1230
-120.99,8.56,-21.30,-0.04,0.63,0.39,592,1617,1229
-139.14,3.28,-100.06,-1.74,-0.32,1.05,591,1614,1229
-155.40,9.08,-115.51,-0.23,0.95,0.63,591,1619,1227
-146.30,-4.73,-87.04,0.34,0.85,0.17,593,1621,1230
-123.98,-17.39,96.11,0.12,0.68,-0.42,546,1667,1234
-101.27,-32.47,93.45,-0.33,0.60,0.49,537,1678,1235
-150.08,-44.41,80.25,-0.02,0.29,0.07,523,1680,1243
-182.92,-34.14,68.17,-0.52,0.24,1.62,499,1683,1260
-199.50,-37.27,62.58,-0.26,0.35,0.34,489,1696,1267
-209.86,-37.76,76.90,-0.01,0.71,0.93,476,1697,1293
-232.17,-16.29,121.59,-0.04,0.36,0.52,402,1712,1373
-235.42,-8.08,115.74,-0.12,0.44,0.34,398,1706,1389
-242.67,-6.60,110.38,-0.17,0.37,0.60,387,1701,1397
-244.29,-4.17,87.24,-0.45,0.21,0.39,384,1707,1408
-269.02,0.67,74.05,-0.25,0.39,0.74,380,1706,1424
-283.34,7.20,73.04,-0.07,0.48,0.76,369,1710,1433
-343.47,17.46,59.04,-0.11,0.41,0.71,353,1708,1469
-361.47,9.39,46.87,-0.31,0.46,0.87,351,1708,1472
-369.86,2.93,42.93,-0.14,0.35,0.50,336,1709,1473
-371.83,-2.15,44.54,-0.08,0.38,0.31,345,1709,1477
-370.03,-6.44,39.03,-0.05,0.41,0.12,342,1709,1479
-383.85,-17.09,44.60,-0.11,0.49,0.26,343,1719,1484
-388.92,-70.34,55.94,-0.21,0.62,0.06,345,1750,1518
-394.03,-81.07,55.01,-0.05,0.71,-0.40,346,1751,1530
-405.30,-100.54,25.82,-0.68,0.62,0.34,345,1772,1550
-398.79,-113.42,-4.42,-0.57,0.72,-0.22,341,1774,1564
-367.11,-122.12,-46.59,-0.48,0.36,-1.08,342,1786,1552
-390.63,-120.12,-106.38,-1.59,1.08,1.13,341,1808,1579
-265.71,-123.05,-120.85,-0.48,1.20,-1.07,343,1822,1610
-243.48,-133.76,-128.58,-0.67,1.19,-0.96,339,1831,1618
-226.89,-148.93,-160.62,-1.13,1.27,-0.82,342,1840,1633
-219.27,-163.16,-199.25,-1.04,1.17,-0.46,339,1849,1641
-207.51,-175.21,-235.34,-1.03,1.28,-0.57,342,1853,1648
-140.90,-200.61,-279.36,-0.65,1.42,-0.46,339,1873,1687
-130.70,-208.89,-305.02,-0.82,1.29,-0.47,345,1877,1696
-117.83,-216.55,-338.81,-0.78,1.33,-0.47,343,1882,1703
-101.14,-222.61,-360.93,-0.43,1.40,-0.46,343,1894,1713
-89.07,-228.05,-371.84,-0.27,1.33,-0.38,339,1897,1722
-23.39,-252.54,-414.18,0.11,1.25,-0.32,345,1909,1751
-12.75,-260.61,-410.85,0.33,1.32,-0.29,347,1909,1744
-4.64,-270.31,-413.08,0.42,1.31,-0.23,345,1909,1765
4.52,-278.67,-403.11,0.54,1.23,-0.24,347,1905,1774
18.00,-290.55,-389.34,0.80,1.37,-0.26,345,1911,1776
30.67,-297.70,-374.68,0.68,1.35,-0.34,346,1911,1782
103.34,-328.78,-338.21,0.86,1.28,-0.26,348,1910,1814
121.42,-327.07,-338.68,0.89,1.26,-0.23,348,1907,1823
133.73,-322.78,-317.92,1.39,1.38,-0.15,345,1915,1825
145.51,-316.26,-278.52,1.66,1.53,-0.14,347,1917,1830
157.19,-311.09,-237.07,1.70,1.45,-0.04,345,1924,1835
193.83,-261.05,-42.84,1.67,1.75,-0.26,346,1942,1876
198.32,-250.98,-25.98,1.47,1.66,-0.12,347,1947,1891
207.02,-240.09,-8.94,1.49,1.54,-0.25,349,1954,1904
216.98,-225.94,18.78,1.64,1.59,-0.23,349,1964,1917
226.06,-213.28,29.32,1.19,1.47,-0.38,345,1966,1922
244.70,-196.78,50.11,1.35,1.62,-0.56,345,1968,1927
307.60,-137.31,130.22,0.54,1.40,-0.56,348,1983,1954
316.35,-131.18,127.68,0.51,1.51,-0.56,347,1984,1962
322.84,-123.21,145.99,0.53,1.45,-0.54,348,1984,1968
331.71,-117.12,177.27,0.77,1.50,-0.66,349,1984,1968
341.19,-108.99,213.03,0.51,1.58,-0.72,345,1983,1970
350.86,-102.40,233.93,0.28,1.42,-0.73,347,1982,1968
364.21,-59.76,240.03,-0.45,1.27,-0.54,327,1985,1969
362.89,-41.83,234.81,-0.57,1.20,-0.51,346,1985,1984
362.69,-21.51,230.34,-0.63,1.00,-0.36,347,1982,1970
353.66,1.04,230.86,-0.47,1.01,-0.34,345,1985,1970
343.51,25.45,237.01,-0.39,1.06,-0.28,347,1984,1970
367.54,134.14,187.10,-0.93,0.66,-0.08,346,1987,1969
372.34,153.07,178.58,-0.81,0.68,0.00,353,1985,1968
366.09,174.00,173.35,-0.79,0.82,0.19,346,1984,1968
359.15,193.62,174.37,-0.81,0.72,0.27,345,1983,1969
349.68,209.80,187.42,-0.60,0.63,0.39,347,1984,1969
336.73,223.43,213.22,-0.40,0.55,0.57,345,1983,1971
245.62,290.87,289.06,-0.33,0.32,0.94,346,1983,1970
216.90,296.15,307.07,0.21,-0.06,1.35,347,1984,1970
194.29,299.91,328.69,-0.03,-0.03,0.96,347,1982,1971
178.55,306.15,350.63,0.10,0.15,0.74,345,1982,1968
157.36,313.02,387.18,0.27,0.20,0.87,348,1983,1970
136.64,315.95,389.24,-0.31,-0.08,0.92,345,1983,1970
18.38,349.51,420.41,-0.16,-0.23,1.07,343,1985,1968
-9.04,350.12,444.66,-0.08,-0.31,1.23,346,1987,1968
-36.21,352.11,460.66,-0.16,-0.37,1.20,346,1985,1968
-60.59,351.95,468.17,-0.14,-0.47,1.13,350,1985,1971
-82.93,350.26,476.17,-0.17,-0.55,1.07,349,1986,1968
-106.72,344.29,483.85,-0.13,-0.50,1.04,347,1984,1969
-232.08,280.88,430.72,-0.51,-0.66,1.19,347,1985,1968
-254.18,271.39,427.27,-0.23,-0.61,0.97,348,1987,1972
-274.50,263.54,415.73,-0.39,-0.78,0.92,347,1986,1969
-296.59,250.41,421.93,0.05,-0.48,0.99,347,1987,1970
-319.71,227.43,420.74,-0.57,-0.87,1.08,347,1987,1970
-398.63,134.49,328.96,-0.53,-0.47,0.32,347,1986,1969
-404.84,118.04,306.86,-0.59,-0.38,0.26,347,1987,1969
-410.01,104.46,278.23,-0.48,-0.40,0.17,349,1987,1968
-410.34,90.61,253.22,-0.47,-0.08,-0.01,350,1987,1969
-412.37,74.24,215.09,-0.67,-0.22,0.03,346,1985,1971
-413.63,55.56,186.96,-0.33,0.07,0.03,348,1984,1969
-389.42,-14.14,94.72,-0.27,0.30,-0.24,347,1985,1968
-388.38,-25.67,66.75,-0.40,0.37,-0.38,346,1987,1970
-358.23,-29.36,16.05,-1.17,0.85,-1.13,347,1988,1968
-342.56,-41.15,-20.06,-0.41,0.87,-0.41,348,1985,1968
-331.63,-47.42,-71.11,-0.59,0.56,-0.66,349,1987,1969
-274.47,-78.12,-179.25,0.25,1.02,-0.22,345,1982,1970
-263.05,-81.82,-190.99,0.35,1.12,-0.33,343,1974,1970
-248.20,-85.73,-211.00,0.28,1.04,-0.29,345,1983,1969
-234.40,-89.25,-219.17,0.55,1.08,-0.37,344,1984,1968
-218.72,-94.23,-216.44,0.66,1.19,-0.26,346,1983,1969
-173.57,-119.28,-237.34,0.69,1.30,-0.12,345,1985,1969
-160.96,-121.91,-230.71,0.81,1.24,-0.21,347,1985,1968
-150.98,-125.24,-227.26,0.68,1.25,-0.10,345,1984,1969
-144.61,-130.75,-224.18,0.71,1.25,-0.04,347,1985,1971
-140.78,-137.42,-220.84,0.70,1.31,-0.05,345,1984,1979
-92.87,-147.92,-207.37,0.68,1.42,-0.08,346,1984,1968
-87.34,-149.21,-209.66,0.58,1.35,-0.11,351,1983,1970
-83.79,-149.91,-201.97,0.69,1.44,-0.10,345,1983,1971
-83.01,-150.57,-196.64,0.61,1.43,-0.09,346,1986,1969
-81.53,-153.34,-195.22,0.48,1.44,-0.10,345,1984,1971
-79.69,-156.55,-194.35,0.48,1.42,-0.12,345,1984,1969
-68.53,-162.23,-176.64,0.44,1.39,-0.17,346,1984,1968
-64.52,26.61,7.45,-0.29,0.57,0.98,528,1609,1253
-79.37,30.95,15.64,-0.32,0.47,1.06,528,1611,1251
-94.46,32.93,19.77,-0.30,0.52,1.11,528,1610,1249
-110.37,34.87,19.07,-0.41,0.52,1.14,528,1611,1250
-126.56,36.27,14.63,-0.45,0.48,1.15,529,1613,1249
-138.73,31.46,9.53,-0.44,0.58,1.32,528,1611,1247
-194.46,38.20,41.99,-0.48,0.29,0.92,528,1619,1248
-212.40,33.97,51.87,-0.11,0.36,0.79,528,1619,1247
-218.06,29.83,6.23,-1.25,0.02,0.75,528,1621,1244
-218.08,13.33,-105.43,-1.89,-1.42,0.83,526,1623,1245
-218.12,61.05,-20.49,1.92,1.79,0.03,528,1648,1249
-253.39,22.76,-3.86,0.21,0.70,1.45,523,1667,1245
-245.45,5.45,58.25,0.76,-1.21,2.00,518,1754,1247
-228.40,20.87,80.93,0.24,0.10,1.07,519,1751,1255
-266.84,31.91,140.83,0.21,-0.05,0.46,522,1775,1265
-291.74,22.87,159.65,0.30,0.30,0.87,521,1776,1286
-297.21,24.87,150.67,-0.28,1.02,0.55,518,1790,1302
-313.71,18.66,85.22,-1.20,0.13,0.97,520,1803,1326
-350.66,10.96,148.86,-0.42,0.28,0.50,509,1812,1411
-360.95,13.14,137.83,-0.24,0.54,0.44,510,1809,1431
-373.02,16.12,118.57,-0.51,0.50,0.70,508,1810,1456
-391.50,14.99,100.63,-0.50,0.58,0.27,506,1808,1471
-403.80,12.37,89.80,-0.27,0.47,0.65,505,1810,1488
-415.16,7.25,96.23,0.07,0.56,0.52,500,1810,1506
-467.85,-36.55,51.70,-0.32,0.38,0.43,502,1808,1580
-469.77,-46.99,58.58,0.06,0.54,0.15,501,1808,1585
-471.54,-57.74,62.67,-0.04,0.37,-0.04,501,1810,1599
-472.79,-69.65,68.03,-0.00,0.49,0.03,500,1813,1609
-476.12,-82.43,69.79,0.02,0.47,-0.16,499,1815,1617
-473.71,-94.11,62.00,-0.19,0.46,-0.34,498,1810,1627
-388.41,-151.48,-17.62,-1.89,-0.09,-0.19,494,1817,1660
-386.29,-157.56,-40.99,-0.04,0.70,-1.37,495,1815,1664
-373.59,-169.74,-9.23,0.05,0.82,-1.12,494,1814,1669
-360.81,-180.35,-19.63,-0.65,0.79,-0.72,480,1814,1674
-335.28,-196.92,-54.09,-0.73,1.11,-1.05,473,1815,1680
-258.08,-259.82,-164.39,-0.84,1.10,-0.77,454,1819,1699
-241.66,-265.54,-189.07,-0.16,1.14,-1.33,446,1819,1707
-211.30,-272.80,-167.17,0.14,1.33,-1.40,438,1821,1715
-186.18,-278.31,-148.79,-0.27,1.29,-1.28,437,1819,1725
-162.85,-289.94,-183.11,-0.97,1.29,-1.09,437,1825,1732
-35.21,-322.34,-357.02,-0.91,1.31,-1.36,432,1851,1744
-14.00,-326.84,-372.30,-0.68,1.04,-0.89,432,1850,1740
14.44,-331.85,-354.88,0.02,1.22,-0.96,431,1852,1744
43.22,-339.41,-329.54,-0.01,1.64,-0.93,432,1851,1742
65.42,-349.07,-335.66,-0.37,1.32,-0.65,431,1853,1742
127.91,-361.48,-359.04,0.11,1.23,-0.40,430,1854,1742
141.28,-364.63,-351.65,0.53,1.34,-0.29,423,1852,1741
154.14,-369.74,-339.57,0.70,1.37,-0.39,427,1854,1743
168.08,-375.21,-324.42,0.71,1.34,-0.44,416,1849,1741
181.73,-379.62,-313.20,0.75,1.32,-0.54,412,1852,1744
229.37,-383.04,-264.07,0.75,1.23,-0.39,402,1852,1760
241.94,-383.31,-256.01,0.68,1.13,-0.39,402,1853,1765
253.88,-381.54,-249.71,0.64,1.26,-0.29,401,1854,1763
259.30,-377.41,-238.47,0.77,1.26,-0.25,401,1869,1767
262.66,-374.40,-218.26,0.85,1.26,-0.23,402,1855,1770
272.55,-346.51,-142.81,0.69,1.26,-0.15,400,1874,1778
269.56,-337.45,-133.23,0.68,1.27,-0.15,400,1879,1781
265.76,-323.92,-125.71,0.65,1.21,-0.21,400,1890,1783
258.11,-311.10,-95.30,0.91,1.35,-0.09,402,1904,1789
253.60,-299.60,-85.43,0.71,1.31,-0.17,401,1909,1794
254.72,-283.89,-58.79,1.12,1.39,-0.42,407,1921,1795
227.07,-204.93,25.21,0.82,1.53,-0.59,401,1979,1836
221.73,-183.38,49.79,0.55,1.52,-0.51,401,1993,1843
220.93,-165.34,54.63,0.41,1.42,-0.56,401,2001,1858
221.31,-145.73,67.10,0.44,1.57,-0.66,400,1995,1869
223.13,-126.86,79.97,0.37,1.60,-0.66,404,2019,1877
226.64,-109.67,98.86,0.40,1.60,-0.74,400,2026,1887
237.51,-43.86,184.28,-0.06,1.45,-0.65,401,2032,1920
243.82,-30.28,194.48,-0.09,1.40,-0.78,401,2032,1922
254.79,-14.43,207.54,-0.17,1.30,-0.88,401,2032,1923
267.28,2.50,211.36,-0.30,1.23,-0.80,401,2032,1929
273.05,15.48,218.38,-0.26,1.25,-0.66,401,2032,1931
276.95,83.17,220.74,-0.61,0.72,-0.08,402,2032,1942
280.31,97.37,235.24,-0.41,1.05,-0.50,400,2032,1947
288.37,112.78,235.79,-0.44,0.91,-0.45,402,2032,1947
290.70,131.25,225.56,-0.94,0.93,-0.35,400,2032,1951
290.28,147.17,218.87,-0.70,0.83,-0.30,400,2032,1958
290.73,159.94,217.77,-0.80,0.68,-0.13,401,2032,1963
276.09,232.49,216.45,-0.84,0.65,0.28,402,2032,1972
268.57,248.56,209.71,-0.92,0.57,0.40,400,2032,1970
258.23,268.73,203.76,-0.82,0.56,0.48,401,2033,1969
248.64,286.38,202.41,-0.80,0.49,0.54,401,2032,1970
236.05,303.30,205.45,-0.73,0.44,0.60,403,2032,1971
219.71,318.43,208.19,-0.65,0.33,0.65,402,2032,1973
142.99,357.88,267.04,-0.15,-0.01,0.65,400,2032,1983
128.60,357.66,300.80,0.65,0.22,0.65,401,2033,1982
114.12,357.27,343.42,0.51,0.14,0.65,400,2032,1987
100.46,356.67,369.00,0.42,-0.01,0.76,401,2036,1987
81.79,359.68,396.22,0.48,-0.01,0.81,400,2033,1987
59.02,364.62,403.85,0.03,-0.14,0.94,400,2035,1989
-69.76,364.96,456.22,0.34,-0.14,1.23,400,2032,1988
-96.01,357.02,467.25,0.06,-0.28,1.15,402,2032,1984
-121.13,345.24,468.64,-0.04,-0.35,1.17,401,2034,1987
-149.11,332.49,462.52,-0.23,-0.41,1.05,401,2034,1987
-171.08,320.70,451.18,-0.29,-0.46,0.92,400,2035,1987
-243.45,231.97,390.72,-0.61,-0.43,0.76,400,2032,1989
-257.24,215.27,377.82,-0.47,-0.33,0.73,401,2033,1989
-263.76,200.38,362.00,-0.70,-0.26,0.48,402,2033,1991
-272.69,187.10,328.20,-1.01,-0.14,0.42,401,2037,1986
-280.93,173.71,299.67,-0.99,-0.02,0.31,402,2035,1984
-291.07,100.72,133.50,-0.98,0.38,0.02,401,2032,1987
-285.34,86.78,104.45,-0.88,0.47,-0.03,403,2032,1987
-284.03,75.88,82.80,-0.76,0.53,-0.00,402,2034,1989
-284.23,67.59,54.80,-0.75,0.54,0.04,401,2033,1983
-283.31,60.32,26.69,-0.67,0.59,0.05,401,2034,1986
-279.42,54.38,-6.88,-0.63,0.58,0.13,401,2033,1989
-269.91,20.43,-128.17,0.05,0.65,-0.04,402,2032,1987
-262.61,10.27,-145.92,0.19,0.60,-0.15,398,2034,1988
-255.54,0.06,-158.20,0.32,0.61,-0.16,400,2032,1986
-247.60,-8.20,-169.71,0.44,0.61,-0.22,399,2034,1986
-238.99,-12.86,-169.23,0.69,0.71,-0.28,391,2032,1987
-233.31,-22.89,-171.91,0.81,0.66,0.12,391,2032,1987
-214.46,-54.20,-144.84,1.04,0.76,0.11,382,2033,1989
-214.09,-63.50,-147.95,0.90,0.67,0.07,384,2032,1988
-209.86,-70.32,-142.97,0.89,0.76,-0.02,383,2033,1990
-202.41,-76.67,-144.07,0.86,0.82,-0.08,380,2032,1987
-194.56,-85.04,-138.38,0.87,0.81,-0.04,378,2034,1985
-166.59,-123.80,-119.36,0.66,0.92,-0.12,380,2038,1990
-161.07,-130.64,-121.77,0.68,0.98,0.02,377,2032,1987
-96.87,-33.12,-97.66,-0.32,0.53,0.88,580,1692,1246
-108.11,-35.85,-100.36,-0.28,0.50,0.94,579,1695,1246
-119.80,-39.38,-103.54,-0.28,0.52,0.92,581,1692,1241
-129.07,-48.66,-113.02,-0.44,0.47,1.19,582,1696,1233
-141.18,-54.21,-129.37,-0.48,0.49,0.94,583,1693,1230
-159.82,-59.54,-139.17,-0.34,0.48,1.07,579,1694,1226
-213.57,-71.97,-89.28,-0.16,0.57,1.05,580,1702,1215
-227.24,-77.41,-98.10,-0.17,0.72,0.93,583,1703,1215
-245.50,-83.02,-111.86,-0.17,0.46,0.97,582,1712,1214
-255.34,-85.86,-95.31,0.29,0.69,0.72,577,1730,1212
-266.75,-87.19,-96.12,-0.04,0.66,0.84,581,1743,1213
-295.74,-90.66,-227.34,-0.19,0.49,0.25,575,1770,1215
-304.27,-97.39,-192.79,0.77,0.66,0.64,571,1773,1215
-308.18,-102.47,-172.87,0.34,0.57,0.56,574,1776,1215
-297.19,-102.14,-130.65,0.65,0.89,0.11,571,1785,1224
-285.60,-101.45,-103.02,0.64,0.70,-0.15,572,1783,1217
-328.49,-87.19,-81.23,0.28,0.34,0.75,571,1787,1241
-333.62,-93.22,-85.08,0.19,0.71,0.32,567,1787,1255
-333.31,-102.12,-100.46,-0.01,0.84,0.32,563,1787,1264
-339.83,-89.83,-91.05,0.43,0.97,0.28,564,1786,1280
-350.09,-90.57,-74.76,0.68,0.96,0.45,563,1791,1298
-362.06,-89.41,-43.36,0.79,0.74,0.42,560,1786,1316
-360.01,-106.47,-66.75,-0.20,0.91,-0.15,548,1786,1413
-354.72,-111.31,-82.27,-0.13,0.75,-0.19,543,1787,1439
-350.64,-115.51,-87.43,0.14,0.88,-0.05,543,1787,1460
-344.63,-120.98,-91.28,-0.02,0.82,-0.37,536,1785,1487
-333.05,-124.21,-96.71,0.01,0.92,-0.59,531,1787,1511
-276.58,-159.91,-74.07,-0.01,1.12,-0.77,527,1787,1612
-261.60,-170.84,-79.31,0.06,1.18,-0.75,523,1786,1629
-241.10,-183.48,-86.07,0.05,1.25,-0.92,520,1792,1646
-220.23,-195.18,-100.26,-0.08,1.30,-0.93,511,1786,1662
-203.16,-205.59,-119.39,-0.21,1.26,-0.89,519,1785,1669
-123.43,-235.36,-141.25,-0.20,1.36,-0.62,511,1787,1701
-108.01,-239.16,-143.80,-0.19,1.35,-0.55,511,1787,1706
-100.17,-241.86,-139.00,-0.05,1.42,-0.46,519,1786,1712
-96.20,-249.15,-147.00,-0.20,1.18,-0.47,507,1787,1722
-63.08,-243.04,-218.78,-0.52,1.23,0.00,506,1786,1719
18.44,-234.84,-207.63,0.13,1.42,-0.77,503,1785,1723
34.58,-231.73,-211.92,0.20,1.46,-0.73,505,1787,1727
52.57,-236.15,-224.26,0.16,1.52,-0.61,505,1783,1722
59.15,-243.44,-266.00,-0.38,1.01,-0.35,508,1786,1722
71.47,-247.21,-279.94,0.45,1.07,-0.48,504,1792,1723
90.40,-245.36,-239.60,0.96,1.39,-0.77,505,1785,1721
192.86,-252.11,-173.86,0.33,1.20,-0.66,503,1789,1723
162.14,-249.28,-191.54,0.21,1.91,0.68,502,1809,1724
181.48,-251.83,-187.17,0.47,1.25,-0.40,503,1787,1724
199.27,-249.13,-161.57,0.86,1.53,-0.57,498,1787,1719
210.11,-242.15,-129.10,0.88,1.45,-0.47,499,1787,1723
236.34,-218.37,-86.41,0.86,1.43,-0.20,499,1791,1722
235.30,-214.60,-68.03,0.82,1.39,-0.08,496,1797,1722
235.34,-211.27,-65.25,0.68,1.32,-0.08,499,1799,1722
237.13,-205.68,-38.23,0.99,1.35,-0.19,501,1807,1723
237.92,-200.14,-9.66,0.90,1.33,-0.19,497,1808,1723
236.79,-195.86,3.21,0.69,1.27,-0.14,499,1808,1722
246.79,-160.86,52.86,0.47,1.31,-0.34,498,1839,1727
240.98,-153.15,83.38,1.05,1.44,-0.07,497,1851,1726
235.53,-147.79,103.18,0.24,1.13,-0.47,498,1855,1731
236.50,-145.19,102.26,0.05,1.15,-0.21,497,1857,1739
232.86,-139.16,114.08,0.17,1.27,-0.25,499,1866,1741
233.60,-132.90,113.03,0.22,1.33,-0.37,497,1872,1744
249.51,-89.62,158.81,-0.21,1.10,-0.49,497,1904,1765
263.18,-81.09,160.63,-0.16,1.17,-0.70,499,1908,1772
269.47,-70.89,161.35,-0.24,1.26,-0.55,499,1915,1776
270.43,-61.59,165.03,-0.26,1.18,-0.44,499,1922,1778
270.09,-50.67,169.77,-0.25,1.15,-0.39,498,1927,1786
308.79,12.06,173.56,-0.21,0.91,-0.12,500,1939,1798
300.93,28.24,211.27,0.10,0.92,0.04,501,1936,1799
293.27,48.32,226.84,-0.44,1.10,0.03,499,1936,1807
268.37,63.79,218.83,-0.65,0.89,0.25,498,1939,1808
280.15,77.05,221.68,-0.31,0.96,-0.26,498,1940,1811
293.24,84.50,219.12,-0.40,0.72,-0.20,498,1939,1811
264.44,155.65,217.93,-0.40,0.60,0.06,500,1939,1814
256.70,171.07,236.49,-0.09,0.50,0.40,499,1941,1819
243.50,184.32,233.79,-0.73,0.56,0.53,499,1937,1819
230.95,199.62,225.62,-0.80,0.49,0.59,501,1940,1822
221.42,213.43,227.21,-0.49,0.46,0.60,499,1939,1823
210.09,227.59,239.45,-0.34,0.44,0.70,498,1937,1825
128.24,270.67,312.70,-0.15,0.25,0.93,500,1944,1831
106.37,276.49,325.53,-0.24,0.13,0.92,501,1941,1837
87.41,283.57,329.13,-0.46,0.02,0.87,501,1942,1836
68.32,286.85,320.45,-0.62,-0.07,0.85,497,1942,1839
51.68,290.85,309.50,-0.66,-0.02,0.77,519,1943,1839
37.82,293.02,311.36,-0.43,0.09,0.73,497,1941,1840
-55.65,277.53,366.98,-0.14,0.07,1.00,499,1940,1842
-84.14,270.85,382.54,-0.33,-0.03,0.99,497,1941,1841
-108.29,267.20,379.38,-0.61,-0.10,0.92,498,1943,1842
-129.68,267.14,372.00,-0.55,-0.17,0.83,499,1942,1843
-150.37,267.43,368.49,-0.51,-0.19,0.84,497,1941,1842
-170.73,266.99,361.99,-0.50,-0.19,0.84,501,1943,1841
-261.69,251.40,322.35,-0.56,-0.15,0.70,505,1941,1843
-277.45,248.03,306.26,-0.65,-0.16,0.63,499,1939,1843
-294.30,243.53,292.49,-0.59,-0.11,0.64,499,1945,1845
-311.48,237.16,279.87,-0.67,-0.07,0.60,498,1942,1842
-326.58,229.42,259.35,-0.79,-0.05,0.50,501,1948,1844
-362.69,173.88,145.91,-1.08,-0.11,0.14,498,1943,1862
-360.34,155.72,111.53,-0.91,0.00,-0.05,498,1942,1874
-350.59,139.24,82.08,-0.83,0.17,-0.22,498,1939,1861
-343.83,124.01,53.42,-0.62,0.24,-0.25,497,1941,1865
-341.19,106.46,28.43,-0.64,0.23,-0.15,496,1941,1867
-338.56,87.04,-6.70,-0.65,0.25,-0.15,496,1942,1872
-309.88,29.02,-101.48,-0.08,0.48,0.02,464,1941,1879
-308.20,18.35,-124.65,-0.05,0.41,0.19,474,1942,1875
-304.09,6.91,-145.19,0.11,0.47,0.18,469,1941,1877
-302.05,1.92,-168.91,0.20,0.44,0.11,468,1941,1882
-299.28,-3.22,-184.24,0.51,0.52,0.18,467,1942,1883
-295.05,-8.11,-191.45,0.67,0.49,0.03,465,1942,1885
-260.41,-54.44,-198.56,1.17,0.70,0.15,454,1942,1897
-254.09,-65.18,-191.97,1.33,0.79,0.10,455,1942,1899
-249.57,-76.66,-182.24,1.46,0.84,0.21,453,1944,1903
-250.66,-82.28,-177.31,1.31,0.83,0.23,447,1941,1905
-250.89,-81.91,-177.23,1.18,0.78,0.14,448,1941,1907
-249.59,-88.95,-175.92,1.30,0.84,0.26,447,1942,1906
-243.74,-116.28,-154.75,1.22,1.03,0.15,446,1941,1909
-241.82,-121.13,-144.62,1.19,1.04,0.09,446,1942,1908
-239.07,-125.88,-135.11,1.15,1.04,0.01,442,1942,1908
-233.88,-131.54,-124.20,1.16,1.07,-0.09,446,1937,1911
-226.75,-135.99,-111.05,1.13,1.08,-0.16,447,1962,1911
-167.36,-144.38,-111.98,0.43,1.28,-0.49,446,1941,1909
-152.47,-144.98,-128.32,0.37,1.27,-0.62,446,1943,1911
-197.25,-36.69,-97.40,-0.37,0.55,1.13,578,1691,1263
-213.88,-41.65,-101.45,-0.41,0.37,1.17,582,1694,1259
-228.52,-46.58,-107.55,-0.41,0.42,1.08,579,1696,1258
-245.68,-53.21,-120.79,-0.49,0.39,1.12,581,1692,1253
-265.94,-62.38,-129.97,-0.36,0.37,1.16,580,1691,1257
-284.20,-71.38,-129.91,-0.23,0.36,1.07,582,1689,1254
-303.80,-97.22,-145.71,-0.63,0.27,0.50,582,1695,1255
-307.79,-107.12,-174.88,-0.26,0.25,0.32,585,1698,1254
-301.31,-112.90,-199.43,-0.46,0.16,0.01,583,1692,1253
-305.05,-113.01,-211.26,0.54,0.74,0.27,582,1691,1255
-324.56,-112.05,-202.52,-0.13,0.43,0.40,585,1697,1259
-259.62,-108.98,-194.64,-0.10,1.28,-1.61,578,1697,1257
-363.62,-99.96,-154.44,1.11,-0.47,2.00,576,1695,1262
-335.62,-106.67,-202.46,-0.67,0.59,-0.11,576,1696,1267
-423.27,-140.87,-218.91,-0.01,-0.10,1.09,576,1698,1293
-428.29,-143.77,-238.44,-0.33,0.59,0.45,578,1697,1313
-415.85,-165.77,-155.37,0.74,0.71,-0.49,575,1696,1418
-409.80,-168.54,-130.84,0.72,0.79,-0.32,571,1697,1446
-407.68,-173.60,-141.28,0.06,0.48,-0.07,571,1697,1471
-402.29,-179.96,-165.22,0.09,0.63,-0.27,567,1694,1490
-393.69,-184.61,-178.44,0.24,0.73,-0.33,566,1698,1520
-345.92,-211.28,-189.81,0.42,0.90,-0.89,560,1703,1627
-334.20,-216.11,-179.30,0.57,0.77,-0.84,560,1694,1648
-306.44,-215.25,-183.11,0.19,1.06,-0.99,562,1696,1671
-288.38,-221.39,-179.17,0.42,1.13,-0.88,560,1697,1681
-272.44,-218.64,-165.89,0.35,1.10,-0.87,560,1702,1706
-131.05,-190.18,-146.62,0.73,1.76,-1.28,546,1709,1745
-99.45,-189.79,-117.00,0.41,1.48,-1.02,542,1712,1754
-71.56,-192.89,-110.88,0.05,1.56,-0.98,539,1712,1762
-45.72,-189.27,-130.71,-0.30,1.52,-0.98,529,1726,1762
-16.98,-188.00,-137.45,0.06,1.63,-1.09,527,1729,1776
112.06,-184.41,-169.75,0.20,1.55,-1.02,499,1744,1765
142.75,-183.97,-156.88,0.36,1.52,-1.09,498,1749,1766
121.62,-181.89,-160.49,0.12,1.98,0.29,496,1750,1766
147.15,-180.95,-135.71,0.59,1.68,-0.66,496,1750,1765
164.92,-183.54,-125.91,0.38,1.62,-0.76,496,1750,1765
181.89,-180.83,-117.14,0.40,1.63,-0.77,494,1754,1770
224.02,-172.92,-116.41,0.38,1.49,-0.41,496,1786,1770
228.40,-174.55,-103.34,0.52,1.50,-0.28,496,1786,1767
234.06,-174.84,-90.99,0.33,1.46,-0.33,495,1792,1770
240.55,-173.99,-90.24,0.29,1.58,-0.34,496,1803,1771
243.99,-176.58,-106.26,0.20,1.53,-0.16,496,1808,1769
250.90,-145.59,-9.34,1.17,1.32,-0.60,498,1843,1771
258.66,-137.21,18.89,0.45,1.37,-0.32,495,1853,1771
259.36,-132.61,11.39,0.29,1.33,-0.25,491,1852,1769
258.89,-125.01,19.45,0.49,1.33,-0.20,494,1854,1767
249.73,-124.34,24.45,0.58,1.20,-0.04,495,1843,1745
247.39,-118.18,37.99,0.62,1.17,-0.10,494,1869,1770
232.73,-86.40,48.17,0.18,1.19,-0.23,496,1910,1787
236.40,-74.96,55.00,0.14,1.27,-0.37,496,1916,1787
250.43,-64.84,47.87,-0.09,1.23,-0.46,495,1925,1787
258.05,-52.34,37.47,-0.15,1.19,-0.47,496,1936,1787
237.71,-40.09,71.15,1.10,0.90,0.53,495,1941,1791
243.36,-27.59,128.49,0.92,1.27,-0.32,495,1950,1793
222.03,17.66,203.21,-0.27,1.02,0.04,496,1981,1822
217.05,31.28,201.96,-0.29,0.97,-0.01,494,1982,1825
219.11,46.52,203.54,-0.13,1.13,-0.11,495,1987,1833
215.85,59.88,194.54,-0.39,0.93,-0.24,492,1991,1836
227.94,58.52,200.00,-0.24,0.80,-0.02,522,1995,1837
226.03,67.80,206.17,-0.29,0.95,-0.01,494,2000,1840
317.15,152.20,318.12,1.85,-0.88,-1.87,493,2001,1859
192.60,144.99,218.45,-1.89,1.98,2.00,498,2000,1868
211.68,166.44,220.05,-0.88,0.14,0.77,496,2002,1872
199.27,181.57,235.94,0.49,0.84,-0.02,495,2013,1878
201.83,200.24,258.23,0.07,0.64,0.09,494,2013,1884
197.30,217.36,266.95,-0.41,0.50,0.37,496,2013,1893
177.54,282.40,287.12,-0.36,0.37,0.51,496,2017,1923
169.36,291.48,297.68,-0.20,0.36,0.49,496,2013,1927
159.31,300.29,306.35,-0.36,0.23,0.54,496,2013,1933
148.28,307.14,322.22,-0.46,0.20,0.75,495,2015,1936
133.22,312.85,334.34,-0.31,0.18,0.62,495,2015,1938
114.44,314.73,345.38,-0.30,0.17,0.99,495,2013,1941
38.41,314.52,433.97,-0.20,0.06,0.65,496,2016,1973
18.73,315.04,424.22,-0.56,-0.02,0.85,495,2015,2023
-1.80,318.17,408.75,-0.54,-0.02,0.85,496,2015,1982
-19.92,321.91,402.28,-0.54,-0.07,0.84,496,2023,1983
-33.04,322.47,403.09,-0.38,0.01,0.72,496,2017,1985
-47.16,320.27,409.67,-0.36,0.02,0.85,494,2017,1985
-141.18,294.64,404.64,-0.86,-0.07,0.85,495,2017,1983
-163.02,286.98,387.04,-0.87,-0.08,0.90,493,2017,1985
-181.57,277.62,374.67,-0.81,-0.02,0.80,495,2017,1985
-196.61,267.95,360.98,-0.77,-0.01,0.67,496,2013,1986
-210.49,256.09,353.18,-0.70,0.04,0.68,494,2016,1985
-269.08,191.04,232.61,-0.80,0.12,0.57,496,2016,1985
-284.06,180.20,208.28,-0.90,0.11,0.60,493,2018,1987
-296.73,171.33,180.78,-0.88,0.13,0.55,495,2019,1985
-308.12,162.84,165.07,-0.58,0.25,0.58,496,2018,1984
-324.01,154.14,154.55,-0.54,0.16,0.67,496,2016,1987
-334.67,147.22,136.48,-0.57,0.24,0.54,495,2018,1982
-356.56,122.82,54.45,-0.27,0.53,0.09,493,2015,1987
-355.36,113.11,31.25,-0.63,0.31,0.01,486,2018,1986
-353.34,100.88,13.42,-0.28,0.52,0.03,482,2015,1986
-349.27,88.61,1.16,-0.23,0.51,-0.06,475,2017,1986
-345.77,75.79,-9.34,-0.17,0.44,-0.08,475,2019,1984
-340.78,62.49,-23.89,-0.21,0.51,-0.16,467,2019,1988
-313.31,-5.15,-99.83,0.42,0.71,-0.19,452,2016,1987
-308.40,-20.90,-115.19,0.22,0.71,-0.17,448,2017,1986
-304.59,-39.04,-146.65,0.16,0.63,-0.07,449,2015,1984
-300.95,-57.48,-172.68,0.23,0.69,-0.00,443,2018,1984
-294.27,-67.48,-191.55,0.37,0.73,-0.17,438,2017,1987
-269.30,-125.67,-227.25,0.53,0.89,0.05,432,2016,1984
-266.81,-142.43,-241.11,0.54,0.81,0.10,432,2015,1988
-262.41,-157.31,-246.85,0.67,0.82,-0.00,431,2017,1987
-257.51,-170.89,-256.61,0.67,0.85,-0.02,429,2018,1987
-249.54,-181.48,-255.02,0.86,0.95,-0.12,427,2016,1987
-205.39,-226.12,-239.04,0.83,1.04,-0.05,425,2013,1985
-199.60,-228.28,-242.38,0.79,1.02,-0.10,425,2017,1985
-198.09,-226.43,-250.97,0.75,0.95,-0.14,421,2016,1985
-191.37,-223.65,-250.04,0.85,1.04,-0.23,416,2016,1984
-180.14,-222.47,-245.52,0.96,1.17,-0.25,411,2018,1985
-127.02,-204.84,-217.95,0.90,1.30,-0.36,400,2016,1986
-116.27,-201.70,-211.16,0.80,1.30,-0.39,400,2014,1986
-104.72,-197.86,-207.88,0.77,1.34,-0.45,401,2015,1987
-94.61,-192.49,-202.65,0.76,1.36,-0.50,400,2016,1987
-82.08,-185.67,-198.96,0.55,1.44,-0.49,400,2015,1987
-37.34,-174.32,-163.59,0.52,1.54,-0.68,400,2015,1986
-31.59,-169.22,-153.11,0.49,1.57,-0.61,400,2015,1988
-27.94,-164.55,-144.55,0.50,1.59,-0.56,400,2015,1984
-26.20,-159.89,-134.46,0.49,1.61,-0.46,400,2016,1985
-127.43,-48.69,-99.83,-0.28,0.47,1.09,613,1764,1323
-135.43,-55.33,-93.04,-0.26,0.59,1.01,619,1765,1319
-147.65,-59.71,-82.61,-0.19,0.61,1.13,621,1763,1317
-158.05,-63.25,-97.40,-0.56,0.60,1.04,619,1763,1313
-176.27,-68.41,-119.48,-0.61,0.53,1.20,617,1763,1308
-198.12,-75.51,-124.84,-0.25,0.52,1.33,615,1763,1303
-239.31,-81.41,-103.68,-0.01,0.65,0.75,618,1766,1296
-256.78,-87.28,-100.46,0.01,0.41,0.93,619,1767,1289
-262.40,-95.48,-110.18,-0.25,0.44,0.70,619,1765,1290
-284.81,-108.92,-130.52,-0.07,0.41,1.09,611,1771,1286
-307.34,-119.56,-160.58,-0.51,0.28,0.90,618,1770,1289
-370.34,-113.25,-268.07,0.34,0.37,0.65,612,1806,1289
-379.10,-121.91,-226.03,0.92,0.58,0.79,612,1805,1290
-376.70,-129.45,-204.90,0.64,0.53,0.27,610,1808,1291
-344.44,-132.64,-174.88,0.30,0.90,-0.57,608,1811,1294
-298.79,-140.34,-132.44,1.03,0.88,0.04,609,1813,1294
-449.56,-139.34,-228.84,0.75,0.55,0.93,598,1821,1370
-442.15,-151.85,-199.68,1.02,0.81,-0.09,598,1823,1393
-436.14,-154.84,-168.30,0.80,0.55,-0.06,594,1823,1418
-440.49,-153.36,-139.74,0.91,0.59,0.04,593,1824,1449
-444.66,-154.03,-112.81,0.63,0.54,-0.02,591,1824,1475
-420.55,-202.52,-135.49,0.34,0.69,-0.38,570,1823,1612
-414.95,-212.92,-138.62,0.38,0.72,-0.44,562,1821,1642
-404.81,-219.83,-132.26,0.55,0.89,-0.67,557,1823,1671
-392.64,-226.15,-127.84,0.40,0.87,-0.65,545,1824,1697
-377.02,-226.83,-126.84,0.33,0.98,-0.86,542,1825,1727
-261.14,-209.96,-182.71,-0.42,1.20,-1.33,500,1824,1808
-217.16,-210.21,-204.56,-0.43,1.36,-1.54,496,1826,1822
-174.55,-212.09,-197.40,0.08,1.74,-1.59,494,1823,1826
-128.89,-208.63,-187.88,-0.09,1.49,-1.84,490,1826,1829
-99.01,-213.01,-177.52,0.08,1.57,-1.61,481,1824,1839
39.53,-235.67,-229.78,0.86,1.60,-1.38,464,1821,1843
61.34,-236.02,-180.23,0.52,1.87,-1.39,463,1823,1844
85.44,-238.80,-178.32,0.11,1.73,-0.92,455,1823,1847
112.24,-236.61,-174.62,0.22,1.81,-1.10,450,1822,1851
133.31,-232.20,-182.15,-0.00,1.75,-0.88,441,1825,1852
155.51,-230.61,-198.20,-0.07,1.68,-0.85,432,1825,1853
223.28,-231.44,-163.97,0.69,1.66,-0.66,402,1853,1853
235.02,-231.27,-147.07,0.53,1.58,-0.58,400,1854,1854
243.05,-231.27,-131.40,0.61,1.61,-0.48,398,1851,1854
247.28,-233.42,-120.38,0.56,1.50,-0.36,400,1865,1856
254.53,-232.02,-103.40,0.81,1.54,-0.45,399,1872,1854
262.92,-210.32,-46.20,0.77,1.51,-0.26,399,1915,1853
260.05,-204.84,-35.02,0.58,1.37,-0.13,398,1925,1855
255.63,-200.11,-36.27,0.51,1.31,-0.12,395,1936,1856
251.70,-194.63,-19.42,0.71,1.40,-0.11,397,1946,1855
247.99,-188.63,-8.61,0.57,1.31,-0.11,397,1959,1855
247.37,-180.81,9.99,0.72,1.38,-0.21,398,1965,1856
237.31,-145.22,66.08,0.18,1.21,-0.21,398,2000,1856
237.39,-138.69,75.45,0.28,1.31,-0.25,397,2011,1854
238.50,-131.85,81.70,0.19,1.27,-0.29,399,2017,1854
242.24,-124.05,91.13,0.32,1.32,-0.39,400,2021,1856
243.83,-115.82,107.04,0.20,1.27,-0.40,399,2027,1855
246.37,-110.06,110.29,-0.04,1.18,-0.33,400,2027,1855
286.41,-83.86,133.22,-0.15,1.26,-0.56,398,2037,1854
294.14,-76.32,133.50,-0.35,1.10,-0.55,399,2038,1853
306.40,-67.12,143.90,-0.23,1.14,-0.60,396,2037,1856
315.18,-58.09,153.61,-0.30,1.09,-0.54,399,2037,1857
322.50,-47.94,158.58,-0.37,1.05,-0.49,400,2035,1854
332.26,-35.79,157.35,-0.51,1.06,-0.50,398,2035,1856
327.28,32.14,191.10,-0.52,0.84,-0.19,397,2039,1872
333.60,54.14,192.25,-0.45,0.88,-0.07,399,2045,1874
341.82,74.64,192.74,-0.42,0.67,-0.19,400,2046,1879
374.44,98.84,233.59,1.00,-0.36,-1.17,399,2045,1882
311.70,119.24,201.10,-1.89,1.98,2.00,399,2047,1885
280.15,186.11,183.47,-0.99,0.30,0.44,400,2064,1909
278.84,196.75,176.06,-0.68,0.49,0.45,400,2075,1921
270.29,210.37,188.17,-0.32,0.63,0.54,398,2078,1909
258.21,223.49,184.41,-0.56,0.34,0.65,400,2079,1923
251.33,235.16,195.01,-0.27,0.51,0.54,397,2077,1924
241.66,249.83,223.07,0.03,0.55,0.69,398,2077,1925
152.14,290.75,298.38,-0.30,0.11,1.01,398,2079,1936
131.74,299.01,306.38,-0.27,0.17,0.98,399,2082,1936
112.63,305.56,321.44,-0.12,0.11,1.01,399,2079,1936
96.78,310.82,352.87,0.11,0.20,0.98,398,2075,1940
77.57,313.57,374.70,-0.03,0.05,0.95,400,2071,1943
55.39,314.72,388.29,0.03,0.01,0.97,398,2078,1946
-33.85,305.91,439.38,-0.27,-0.19,0.86,398,2079,1963
-51.22,302.79,437.25,-0.33,-0.17,0.88,398,2080,1962
-70.32,302.09,430.40,-0.45,-0.23,1.01,396,2079,1964
-95.54,305.30,429.83,-0.27,-0.24,1.08,383,2079,1963
-124.23,307.63,447.64,0.03,-0.16,1.22,399,2079,1964
-148.63,308.37,473.07,0.06,-0.17,1.15,399,2075,1963
-253.24,295.54,424.84,-0.74,-0.33,0.93,397,2077,1965
-273.65,285.30,396.90,-0.79,-0.30,0.89,399,2078,1965
-295.39,273.22,379.09,-0.58,-0.20,0.84,397,2078,1966
-319.40,260.84,367.96,-0.54,-0.19,0.84,398,2075,1966
-342.66,249.40,344.06,-0.81,-0.27,0.79,398,2079,1963
-402.30,154.12,246.45,-1.03,-0.34,0.77,398,2077,1963
-428.00,141.98,209.38,-0.77,-0.14,0.62,402,2078,1963
-436.52,134.38,210.86,0.03,0.13,0.03,399,2086,1965
-447.24,119.43,201.51,-0.40,0.04,0.69,399,2077,1963
-450.26,107.82,158.63,-0.65,0.08,0.22,395,2078,1965
-468.43,99.66,131.56,-0.79,-0.06,0.53,397,2078,1963
-491.50,42.76,11.10,-0.21,0.21,-0.12,397,2081,1965
-480.89,23.62,3.82,0.00,0.20,-0.28,397,2081,1963
-465.18,-0.28,-0.65,0.02,0.28,-0.43,402,2080,1961
-450.35,-28.15,-26.82,-0.09,0.25,-0.44,393,2079,1963
-435.42,-52.20,-52.58,0.03,0.31,-0.59,393,2079,1965
-417.45,-61.18,-96.46,-0.18,0.26,-1.27,385,2078,1962
-312.46,-119.15,-160.41,0.53,0.62,-0.61,385,2077,1959
-300.55,-131.25,-183.26,0.48,0.69,-0.44,385,2079,1963
-289.14,-144.78,-196.52,0.74,0.79,-0.32,383,2071,1963
-276.70,-157.41,-196.10,0.99,0.89,-0.22,383,2080,1964
-266.72,-169.38,-194.90,0.93,0.90,-0.15,373,2081,1963
-241.18,-206.49,-253.13,0.70,1.04,0.01,383,2077,1964
-235.45,-212.89,-269.55,0.78,1.02,0.02,381,2078,1961
-230.73,-221.09,-279.14,0.87,1.04,0.03,384,2079,1965
-222.73,-229.13,-284.53,0.92,1.13,-0.09,383,2077,1962
-212.87,-234.86,-282.82,1.03,1.12,-0.18,383,2079,1963
-145.11,-261.92,-223.55,0.92,1.19,-0.37,383,2080,1965
-132.14,-267.02,-234.84,0.82,1.18,-0.35,382,2080,1962
-120.82,-270.92,-244.07,0.88,1.22,-0.36,383,2080,1965
-110.40,-273.68,-244.49,0.94,1.29,-0.41,382,2080,1963
-100.72,-275.22,-240.90,0.94,1.28,-0.50,382,2078,1964
-51.77,-304.05,-214.99,0.71,1.45,-0.55,381,2078,1964
-48.61,-304.63,-206.76,0.79,1.43,-0.69,382,2079,1963
-38.26,-305.88,-193.10,0.74,1.42,-0.63,382,2079,1959
-28.82,-310.96,-178.75,0.69,1.58,-0.55,380,2081,1983
-293.37,-73.68,-82.32,-0.44,0.38,0.39,645,1885,1277
-294.70,-80.51,-93.68,-0.14,0.50,0.45,647,1887,1293
-298.26,-88.49,-97.48,-0.00,0.56,0.33,647,1887,1294
-297.18,-98.28,-111.00,-0.10,0.46,0.19,648,1885,1293
-296.52,-105.99,-136.18,-0.39,0.44,0.14,646,1885,1296
-293.34,-106.72,-190.20,-0.94,0.29,0.06,646,1886,1294
-302.49,-116.72,-256.79,0.43,0.55,0.14,643,1889,1294
-292.64,-121.91,-219.28,0.78,0.93,0.15,642,1893,1296
-313.54,-128.35,-225.13,-0.05,0.21,0.14,641,1891,1296
-293.30,-117.63,-224.82,-0.26,1.15,-0.76,589,1894,1305
-352.67,-114.28,-220.04,0.02,0.56,0.45,638,1903,1328
-396.84,-153.47,-215.84,1.25,1.10,0.14,630,1920,1449
-400.09,-154.03,-183.11,0.95,0.98,0.22,629,1929,1479
-397.54,-161.39,-165.17,0.68,0.66,0.00,624,1936,1510
-388.37,-168.05,-159.63,0.58,0.87,-0.25,623,1936,1550
-383.01,-171.44,-167.14,0.29,0.81,-0.36,614,1937,1581
-319.77,-205.27,-194.53,0.43,1.05,-0.81,560,1951,1703
-301.40,-208.05,-183.34,0.85,1.16,-0.90,545,1955,1734
-282.55,-219.39,-166.71,0.80,1.32,-0.79,529,1957,1750
-260.76,-223.30,-166.42,0.49,1.35,-1.05,523,1959,1772
-245.18,-215.99,-173.75,0.11,1.25,-0.98,503,1961,1787
-90.78,-206.95,-189.80,0.08,1.53,-1.42,469,1962,1833
-54.56,-217.56,-186.07,0.32,1.65,-1.37,464,1962,1835
-10.70,-223.63,-146.62,1.04,1.40,-1.46,464,1965,1838
21.10,-224.12,-165.84,-1.89,1.98,-1.03,459,1963,1838
22.08,-238.25,-246.33,-0.34,1.61,-0.86,459,1964,1839
53.65,-242.12,-239.14,0.26,1.78,-1.01,459,1962,1838
141.33,-232.73,-131.97,0.11,1.54,-0.50,451,1962,1839
156.55,-228.78,-134.38,0.33,1.57,-0.59,448,1962,1838
169.97,-222.25,-148.88,0.15,1.56,-0.55,448,1961,1840
181.30,-214.98,-146.70,0.56,1.67,-0.55,450,1965,1840
194.92,-210.00,-140.38,0.55,1.61,-0.55,448,1962,1839
242.57,-188.72,-76.88,0.81,1.54,-0.38,449,1968,1840
235.56,-193.56,-63.34,0.65,1.42,-0.27,448,1983,1840
236.70,-191.51,-47.48,0.73,1.46,-0.29,448,1989,1840
242.87,-191.67,-34.27,0.69,1.55,-0.41,448,1994,1840
241.22,-185.42,-11.40,0.87,1.50,-0.30,447,2001,1841
245.08,-181.76,6.23,0.64,1.49,-0.39,447,2011,1840
269.15,-154.60,56.74,0.31,1.47,-0.55,448,2032,1842
276.09,-147.70,60.49,0.17,1.39,-0.48,448,2032,1846
278.26,-140.99,64.78,0.24,1.37,-0.45,448,2039,1849
285.91,-131.19,85.71,0.56,1.61,-0.52,448,2046,1846
279.92,-124.11,100.28,0.25,1.27,-0.49,449,2053,1847
283.54,-118.51,105.62,-0.03,1.14,-0.31,448,2058,1850
303.91,-84.83,171.07,0.27,1.29,-0.58,447,2071,1852
308.66,-76.95,181.21,-0.10,1.10,-0.49,451,2075,1854
316.37,-67.16,181.77,-0.23,1.18,-0.58,448,2080,1858
323.88,-55.83,183.04,-0.17,1.15,-0.60,447,2080,1859
335.10,-47.77,192.28,-0.14,1.08,-0.56,447,2082,1862
350.21,12.08,205.32,-0.65,0.89,-0.23,449,2079,1863
347.77,28.46,216.45,-0.46,1.00,-0.07,449,2077,1869
348.15,43.97,221.41,-0.43,0.89,-0.21,448,2079,1870
349.89,58.91,226.69,-0.46,0.77,-0.11,449,2078,1871
344.95,73.98,230.08,-0.51,0.81,-0.17,448,2080,1872
349.57,91.83,236.00,-0.29,0.77,-0.08,448,2078,1872
305.28,159.68,199.41,-0.56,0.57,0.05,449,2078,1874
300.02,173.92,227.32,-0.03,0.48,0.34,451,2080,1874
291.86,189.22,234.74,-0.88,0.46,0.31,447,2079,1879
277.48,203.40,240.40,-0.45,0.44,0.61,448,2082,1883
264.03,217.22,258.86,-0.30,0.31,0.65,448,2079,1885
250.75,228.09,276.16,-0.24,0.32,0.77,448,2077,1891
170.18,273.66,314.48,-0.08,0.22,0.73,449,2077,1905
154.08,281.46,334.48,-0.19,0.14,0.75,449,2080,1908
138.67,284.53,349.07,-0.16,0.05,0.83,449,2079,1908
120.84,287.56,361.99,-0.20,0.05,0.92,449,2078,1909
100.18,290.53,372.57,-0.22,0.12,0.92,450,2077,1909
83.42,294.11,378.51,-0.31,-0.04,0.83,448,2077,1911
-17.19,291.48,443.39,-0.41,-0.29,1.01,450,2078,1910
-40.41,296.37,447.90,-0.29,-0.28,0.99,460,2076,1910
-61.08,299.04,456.90,-0.31,-0.35,0.95,448,2078,1910
-80.18,301.49,458.43,-0.33,-0.33,0.94,449,2079,1911
-102.15,303.40,469.99,-0.08,-0.26,0.94,449,2077,1910
-121.37,301.88,478.61,-0.13,-0.35,0.93,448,2081,1909
-200.44,274.14,409.79,-0.60,-0.41,0.89,448,2080,1911
-221.88,260.00,390.74,-0.67,-0.40,1.07,449,2081,1910
-246.53,242.26,352.61,-0.92,-0.35,1.04,448,2078,1913
-268.67,228.03,321.36,-0.75,-0.45,1.07,455,2079,1911
-280.14,210.52,323.03,-0.47,-0.12,0.72,449,2074,1910
-390.89,135.36,181.24,-1.78,0.32,0.04,451,2077,1911
-409.33,126.62,153.90,-0.57,-0.17,0.44,450,2081,1911
-404.32,115.33,131.87,-0.51,-0.12,0.36,448,2079,1911
-411.24,105.20,117.61,-0.21,-0.24,0.15,449,2080,1911
-416.59,98.99,108.06,-0.39,0.10,0.48,448,2078,1911
-429.01,91.02,83.25,-0.52,-0.21,0.30,448,2077,1909
-445.51,29.57,-52.88,-0.12,0.15,0.19,448,2080,1909
-446.29,9.27,-72.23,0.02,0.08,0.13,449,2079,1914
-446.76,-9.45,-77.89,0.28,0.23,-0.03,449,2078,1913
-443.69,-25.83,-85.10,0.35,0.24,-0.08,448,2079,1911
-429.10,-44.87,-81.86,0.95,0.48,-0.38,506,2079,1911
-426.90,-67.85,-80.94,0.64,0.31,0.01,450,2078,1913
-432.30,-155.53,-159.45,0.61,0.24,0.09,447,2080,1913
-430.72,-169.39,-180.75,0.89,0.38,0.11,448,2075,1913
-416.76,-169.48,-193.74,0.99,0.45,-0.49,448,2079,1914
-402.76,-176.14,-188.13,1.12,0.49,-0.41,448,2082,1911
-389.30,-182.55,-185.46,1.23,0.53,-0.32,451,2075,1909
-331.08,-222.44,-217.86,1.10,0.71,-0.26,448,2079,1911
-312.52,-233.24,-224.04,1.19,1.03,-0.44,448,2080,1910
-262.27,-247.33,-235.81,0.91,1.39,-1.15,446,2078,1910
-217.89,-249.91,-227.75,1.40,1.32,-0.56,461,2079,1913
-264.27,-249.67,-163.86,1.49,1.43,-0.29,449,2078,1914
-207.37,-259.59,-193.30,0.66,1.22,-0.55,448,2079,1911
-197.79,-263.97,-198.42,0.73,1.43,-0.45,464,2080,1911
-185.56,-260.83,-183.08,0.81,1.46,-0.68,449,2080,1912
-178.44,-264.15,-181.02,0.56,1.44,-0.56,448,2079,1911
-167.47,-266.95,-185.92,0.49,1.50,-0.74,448,2078,1914
-105.11,-299.51,-236.21,0.29,1.53,-0.93,450,2078,1929
-86.23,-305.05,-239.75,0.48,1.69,-1.15,449,2078,1926
-68.12,-301.91,-229.33,0.57,1.66,-1.15,448,2078,1925
-49.02,-300.83,-227.55,0.40,1.61,-1.13,448,2078,1926
-29.80,-301.73,-226.23,0.40,1.64,-1.00,449,2080,1927
37.65,-286.23,-189.31,0.48,1.67,-0.69,449,2079,1927
40.52,-276.02,-178.65,0.57,1.79,-0.43,449,2073,1924
43.85,-264.95,-167.14,0.52,1.70,-0.59,449,2077,1930
50.81,-254.08,-148.78,0.74,1.69,-0.63,448,2080,1926
55.34,-243.79,-122.73,0.84,1.65,-0.59,450,2077,1929
55.59,-233.09,-96.29,0.89,1.65,-0.57,450,2103,1929
101.13,-171.62,-24.70,0.79,1.76,-0.61,450,2074,1931
101.30,-154.58,-5.31,0.58,1.51,-0.49,449,2076,1927
105.51,-136.02,24.08,0.80,1.69,-0.51,450,2074,1930
-215.22,-50.64,-38.24,0.28,0.37,0.44,646,1865,1303
-234.99,-52.49,-22.99,-0.05,0.43,1.02,645,1862,1304
-243.94,-54.14,-24.49,-0.26,0.56,0.80,647,1867,1299
-257.36,-58.73,-25.60,0.06,0.51,0.99,647,1866,1300
-263.02,-58.61,-37.80,-0.23,0.52,0.72,645,1867,1299
-265.86,-60.34,-58.00,-0.17,0.40,0.70,650,1867,1296
-302.32,-52.67,-91.52,-0.07,0.45,0.34,641,1867,1300
-315.51,-60.06,-123.07,-0.60,0.35,0.67,639,1867,1298
-322.67,-61.10,-145.16,-0.33,0.58,0.28,645,1866,1298
-332.96,-67.79,-166.50,-0.28,0.58,0.50,642,1866,1300
-338.90,-79.05,-160.15,0.25,0.71,0.72,641,1867,1299
-371.43,-64.05,-105.72,-0.48,0.44,-0.36,635,1867,1306
-409.71,-79.51,-100.17,0.38,0.07,0.73,637,1866,1319
-425.31,-83.25,-85.51,0.27,0.51,0.40,635,1868,1342
-431.77,-86.66,-111.34,-0.34,0.80,0.30,630,1866,1360
-440.32,-94.37,-150.88,-0.43,0.50,0.31,627,1867,1386
-440.64,-99.63,-163.48,0.05,0.68,0.08,623,1867,1406
-410.34,-137.34,-78.07,0.60,0.94,-0.50,569,1872,1520
-394.15,-160.06,-83.42,0.37,0.87,-0.57,557,1873,1557
-392.85,-160.64,-76.04,0.32,0.79,-0.33,535,1872,1584
-384.78,-172.25,-83.39,0.31,0.98,-0.41,522,1872,1605
-380.44,-175.15,-90.50,0.25,0.81,-0.47,522,1870,1634
-347.28,-174.80,-85.97,0.45,0.97,-0.53,464,1872,1754
-331.72,-181.91,-92.26,0.36,1.16,-0.59,464,1873,1776
-323.08,-185.48,-104.65,-0.04,1.09,-0.89,458,1872,1795
-298.29,-182.66,-136.41,-0.35,1.18,-1.11,457,1873,1820
-266.50,-177.99,-147.23,0.21,1.21,-0.86,448,1872,1831
-121.57,-195.05,-126.24,0.37,1.97,-1.50,437,1877,1872
-103.71,-208.66,-188.64,-1.29,0.82,-1.16,433,1872,1879
-59.10,-208.78,-190.15,0.42,1.82,-1.97,432,1871,1885
-48.61,-209.41,-150.78,0.60,1.98,-1.19,430,1872,1889
-3.18,-212.86,-125.10,0.36,1.98,-1.56,426,1872,1894
123.07,-264.21,-124.59,-0.48,1.51,-1.17,389,1873,1902
149.19,-272.98,-148.67,-0.42,1.32,-1.47,382,1869,1904
190.79,-273.04,-162.62,-0.35,1.22,-1.41,381,1871,1905
194.23,-266.12,-193.83,-0.69,1.47,-0.99,370,1872,1906
206.21,-262.32,-211.48,-0.35,1.51,-1.16,368,1872,1909
270.18,-253.94,-240.42,-0.09,1.34,-0.37,365,1897,1910
278.93,-259.42,-219.81,0.53,1.41,-0.30,365,1904,1910
291.89,-261.82,-197.80,0.51,1.51,-0.33,365,1906,1914
291.37,-258.84,-178.78,0.52,1.52,-0.10,361,1908,1914
285.88,-256.67,-169.81,0.44,1.31,0.07,362,1918,1914
268.23,-235.05,-118.97,0.62,1.42,0.08,359,1927,1915
264.41,-227.86,-111.46,0.68,1.43,0.00,363,1966,1915
262.50,-217.51,-98.35,0.78,1.22,-0.21,359,1970,1917
253.74,-208.46,-65.43,1.04,1.33,-0.13,355,1985,1915
249.15,-201.25,-53.20,0.69,1.28,-0.07,359,1994,1914
247.16,-194.08,-37.71,0.80,1.41,-0.09,362,2005,1915
237.94,-150.83,81.48,0.57,1.35,-0.34,360,2032,1915
237.02,-140.92,106.43,0.63,1.36,-0.36,359,2032,1915
236.96,-131.33,131.13,0.54,1.30,-0.40,361,2035,1915
239.50,-121.25,161.35,0.53,1.35,-0.50,359,2039,1915
242.87,-111.96,187.97,0.50,1.40,-0.53,358,2041,1914
278.67,-70.09,209.82,-0.28,1.10,-0.79,363,2043,1915
286.86,-58.98,214.17,-0.34,1.07,-0.71,362,2042,1915
294.75,-47.83,219.45,-0.40,1.06,-0.69,361,2043,1916
302.50,-35.76,218.19,-0.55,1.03,-0.66,359,2039,1915
312.40,-24.18,216.48,-0.57,1.01,-0.70,359,2044,1915
321.66,-12.23,215.71,-0.60,1.01,-0.65,362,2042,1916
336.57,52.12,192.81,-0.83,0.88,-0.31,362,2045,1915
340.06,66.23,186.45,-0.92,0.84,-0.31,362,2045,1915
361.86,73.69,163.32,-1.42,0.89,-0.42,362,2043,1915
373.25,89.86,153.16,-1.23,0.89,0.02,359,2042,1915
363.71,100.73,143.99,-0.51,0.24,0.47,356,2037,1919
347.28,111.42,172.57,-0.47,0.30,0.08,362,2045,1917
292.11,166.59,131.27,-0.47,0.69,0.16,362,2044,1924
287.37,179.39,150.40,-0.15,0.68,0.50,361,2043,1921
271.24,186.59,151.70,-0.66,0.53,0.85,361,2043,1923
251.04,191.42,146.72,-0.48,0.48,0.89,362,2044,1925
232.14,199.51,162.11,-0.25,0.42,0.86,362,2044,1959
216.81,207.28,178.83,-0.20,0.38,0.82,363,2045,1926
139.70,236.44,231.71,-0.21,0.24,0.72,358,2044,1934
123.53,241.25,244.95,-0.10,0.24,0.77,364,2039,1932
105.92,244.81,268.64,0.05,0.20,0.73,364,2043,1936
89.13,245.48,295.12,0.11,0.22,0.86,362,2043,1935
74.02,245.65,328.51,0.03,0.13,0.70,362,2032,1935
60.89,242.32,336.81,-0.24,0.04,0.66,362,2043,1936
-26.00,246.11,358.00,-0.37,-0.06,0.83,363,2042,1934
-47.82,247.45,355.54,-0.46,-0.09,0.90,365,2045,1936
-68.26,249.45,353.82,-0.40,-0.10,0.94,365,2045,1936
-87.28,252.40,361.41,-0.26,-0.08,0.94,366,2045,1938
-105.82,255.53,374.83,-0.23,-0.08,0.88,362,2046,1932
-123.14,257.13,380.22,-0.33,-0.10,0.87,363,2043,1936
-201.45,255.59,363.30,-0.56,-0.18,0.71,363,2045,1936
-216.84,252.73,358.96,-0.43,-0.16,0.69,365,2046,1936
-232.12,249.30,355.53,-0.43,-0.19,0.66,361,2045,1937
-248.21,245.95,349.85,-0.52,-0.19,0.62,365,2043,1936
-265.02,243.54,338.98,-0.53,-0.24,0.65,363,2045,1936
-297.24,240.93,230.57,-0.72,-0.13,0.31,362,2044,1936
-299.68,238.79,216.46,-0.66,0.05,0.19,363,2042,1936
-302.12,235.08,199.29,-0.69,0.02,0.17,362,2046,1936
-302.96,227.28,181.68,-0.70,0.04,0.10,363,2045,1936
-303.33,218.03,156.80,-0.82,0.02,0.07,368,2046,1936
-302.98,207.54,132.17,-0.73,0.06,0.02,363,2043,1938
-279.83,157.66,46.96,-0.24,0.31,-0.18,364,2044,1936
-276.23,148.23,20.32,-0.36,0.21,-0.12,362,2045,1936
-271.47,138.37,-1.63,-0.11,0.34,-0.14,365,2042,1936
-268.30,128.79,-16.61,0.02,0.38,-0.06,362,2044,1936
-266.78,118.90,-26.01,0.20,0.52,0.00,364,2042,1936
-299.50,63.48,-99.26,0.45,0.48,0.26,363,2045,1936
-305.27,51.28,-112.21,0.60,0.60,0.22,362,2042,1935
-307.88,37.95,-117.40,0.84,0.63,0.16,364,2047,1936
-307.18,20.96,-121.40,0.72,0.56,0.31,361,2045,1936
-312.41,9.30,-137.55,0.62,0.43,0.15,364,2041,1936
-317.53,-0.54,-141.68,0.92,0.61,0.21,362,2057,1936
-310.89,-69.34,-158.21,0.97,0.74,-0.04,362,2046,1942
-305.71,-79.92,-160.73,1.09,0.89,-0.20,360,2045,1939
-297.69,-90.09,-157.95,1.09,0.88,-0.23,361,2043,1942
-289.36,-103.36,-153.37,1.28,0.95,-0.19,362,2032,1945
-283.86,-117.62,-139.36,1.31,1.01,-0.14,359,2046,1943
-259.24,-183.12,-98.49,1.11,1.08,0.10,363,2046,1942
-255.71,-194.40,-107.60,0.99,1.10,-0.07,361,2047,1942
-251.30,-202.12,-116.18,0.96,1.15,-0.11,359,2045,1941
-248.79,-207.41,-129.43,0.86,1.16,-0.06,364,2046,1943
-244.81,-211.53,-134.35,0.92,1.16,-0.09,361,2047,1943
-227.02,-234.38,-188.47,0.64,1.10,-0.23,361,2043,1941
-220.43,-238.99,-189.26,0.86,1.20,-0.29,359,2046,1942
-211.54,-241.62,-181.45,0.89,1.28,-0.45,362,2043,1943
-201.19,-240.73,-183.55,0.71,1.29,-0.60,350,2045,1946
-291.60,-99.02,-112.04,0.04,0.67,0.48,613,1761,1271
-291.59,-106.96,-120.44,-0.03,0.60,0.53,617,1759,1272
-293.31,-120.31,-137.02,-0.13,0.62,0.53,615,1761,1271
-288.00,-133.19,-184.96,-0.68,0.56,0.24,614,1760,1269
-284.18,-140.99,-243.40,-0.81,0.43,0.20,614,1759,1270
-295.95,-169.04,-265.36,0.29,0.49,0.09,613,1763,1273
-287.57,-155.25,-214.79,0.83,1.15,0.46,610,1755,1273
-239.16,-159.33,-194.81,0.25,1.40,-1.49,611,1763,1277
-241.28,-135.94,-188.99,-0.02,0.88,0.27,609,1759,1284
-262.64,-158.38,-245.05,-1.08,0.69,-0.85,604,1765,1303
-317.04,-198.40,-396.81,0.77,0.98,0.03,583,1801,1407
-301.48,-200.05,-373.04,0.61,0.92,-0.48,569,1805,1433
-284.64,-210.80,-321.62,0.99,1.03,-0.29,553,1806,1456
-269.69,-227.70,-278.23,0.89,1.08,-0.27,532,1808,1488
-249.66,-236.80,-247.19,0.66,1.20,-0.60,511,1815,1511
-189.40,-275.94,-244.49,0.44,1.34,-0.40,469,1819,1611
-180.32,-281.82,-236.53,0.86,1.35,-0.19,449,1815,1627
-162.38,-286.14,-220.49,0.69,1.43,-0.46,431,1818,1647
-146.93,-278.12,-208.79,0.53,1.46,-0.51,415,1815,1664
-137.45,-272.73,-197.84,0.50,1.43,-0.23,403,1815,1678
-56.34,-241.97,-233.78,0.07,0.34,-1.01,364,1813,1712
-13.42,-219.73,-206.96,0.82,1.23,-0.90,356,1814,1723
25.15,-211.86,-173.26,-0.71,1.98,-1.94,350,1814,1729
50.73,-203.68,-154.50,0.99,1.78,-1.04,343,1812,1749
45.95,-195.82,-126.59,0.80,1.98,-1.28,342,1817,1731
70.79,-184.03,-120.41,0.51,1.72,-0.75,336,1810,1739
166.32,-165.24,-162.04,0.20,1.61,-0.57,328,1813,1742
190.24,-161.48,-141.48,0.40,1.50,-0.79,330,1812,1744
213.80,-156.37,-132.35,0.16,1.48,-0.77,329,1812,1745
227.45,-154.38,-133.51,0.01,1.44,-0.49,331,1811,1744
230.87,-155.38,-130.53,0.14,1.50,-0.27,329,1817,1745
274.87,-153.60,1.22,0.02,1.50,-0.12,326,1821,1745
267.59,-154.54,-19.30,-0.29,1.23,0.01,330,1829,1744
264.43,-150.14,-33.77,-0.15,1.29,-0.14,329,1838,1744
267.37,-143.74,-28.88,0.17,1.35,-0.24,331,1842,1744
272.99,-137.27,-21.52,0.21,1.40,-0.26,330,1840,1744
277.36,-129.91,-3.71,0.38,1.40,-0.09,331,1851,1744
270.20,-85.83,17.73,0.23,1.28,0.23,332,1856,1744
248.52,-73.79,68.72,0.37,1.40,0.50,327,1855,1749
221.68,-73.01,89.50,0.34,1.31,1.12,331,1868,1758
194.92,-62.66,122.49,0.53,1.28,0.67,327,1878,1771
189.25,-56.57,111.91,-0.36,1.03,0.39,330,1889,1776
194.46,-42.64,109.53,-0.12,1.29,0.03,332,1904,1785
233.42,30.14,168.74,-0.18,1.09,-0.34,333,1943,1818
253.95,47.42,179.70,0.06,0.95,-0.66,332,1946,1826
283.88,67.42,208.09,0.36,0.59,-0.88,341,1953,1824
384.38,89.39,290.74,1.38,-0.53,-2.00,332,1951,1826
258.44,88.91,203.18,1.69,0.47,-2.00,331,1949,1828
275.19,103.75,183.87,-1.07,0.76,0.57,331,1950,1830
274.84,142.41,184.45,-0.54,0.74,0.35,331,1947,1827
275.44,154.18,196.12,-0.33,0.78,0.27,332,1949,1829
266.05,172.46,232.03,-0.20,0.67,0.34,331,1951,1829
257.92,187.71,244.61,-0.26,0.64,0.44,331,1951,1829
247.54,200.18,257.65,-0.28,0.58,0.50,333,1948,1825
231.76,209.10,252.96,-0.39,0.45,0.70,333,1952,1829
185.39,236.72,315.10,-0.23,0.25,0.75,334,1949,1830
169.82,244.04,315.30,-0.29,0.25,0.85,333,1953,1831
150.55,249.25,319.24,-0.22,0.24,0.93,331,1991,1828
133.47,254.47,330.80,-0.08,0.22,0.90,332,1951,1828
116.96,259.94,347.38,-0.08,0.21,0.92,333,1949,1829
103.94,265.08,374.86,0.16,0.18,0.89,330,1953,1827
-0.89,261.65,443.93,-0.24,0.00,1.07,335,1951,1827
-19.60,266.12,445.47,-0.26,-0.08,1.15,335,1950,1827
-41.04,268.09,449.00,-0.24,-0.15,1.10,330,1949,1827
-63.33,269.95,457.32,-0.14,-0.10,1.16,327,1948,1826
-83.10,267.65,471.93,-0.04,-0.10,1.16,331,1951,1830
-103.80,265.91,481.76,-0.13,-0.14,1.11,333,1950,1831
-194.35,239.80,447.67,-0.60,-0.37,0.88,331,1947,1827
-181.85,231.65,398.54,-1.36,-0.14,-0.25,334,1951,1829
-207.83,224.79,382.64,-0.63,-0.21,0.74,337,1951,1829
-222.85,216.87,367.56,-0.57,-0.26,0.84,333,1951,1830
-226.26,206.66,356.77,-0.88,0.03,0.09,334,1949,1829
-307.80,140.11,290.17,-0.48,-0.15,0.95,332,1948,1827
-326.98,123.91,277.38,-0.48,-0.04,1.02,333,1947,1830
-337.97,112.47,257.82,-0.50,0.09,0.76,326,1949,1829
-352.78,105.72,242.52,-0.40,-0.04,0.77,333,1949,1829
-372.01,103.48,217.67,-0.63,-0.18,0.94,336,1951,1826
-467.33,87.01,150.25,-0.59,0.15,1.55,332,1947,1825
-503.08,34.58,85.41,-0.71,0.17,1.05,333,1948,1829
-503.08,19.66,82.89,0.40,-0.25,-0.59,332,1947,1829
-451.43,26.12,110.05,0.72,0.12,-0.40,334,1949,1827
-441.76,18.85,146.58,1.10,0.37,-0.40,325,1949,1827
-436.69,10.55,142.05,0.10,0.13,-0.36,332,1947,1827
-361.77,-70.63,34.09,-0.14,0.30,-0.53,333,1939,1829
-323.63,-74.35,3.71,0.54,0.50,-1.79,329,1948,1827
-309.76,-85.83,-10.47,0.28,0.70,-1.01,332,1947,1827
-303.65,-102.41,-43.94,-0.21,1.04,0.07,333,1951,1827
-277.33,-120.70,-65.14,0.19,0.84,-0.76,336,1947,1827
-256.44,-135.47,-94.29,0.01,0.94,-0.68,332,1946,1831
-197.88,-211.53,-261.62,-0.28,0.85,-0.23,331,1948,1828
-182.93,-230.41,-258.35,0.22,1.13,-0.24,332,1951,1828
-173.22,-248.02,-261.71,0.07,1.06,-0.20,332,1949,1833
-151.77,-259.27,-281.17,-0.16,1.09,-0.29,330,1947,1829
-135.07,-270.95,-314.07,-0.16,1.07,-0.19,333,1947,1830
-92.61,-284.06,-369.39,0.35,0.83,0.12,332,1948,1828
-88.27,-285.42,-383.62,0.37,0.87,0.16,326,1950,1827
-82.03,-286.52,-384.78,0.72,0.96,0.13,331,1948,1828
-80.78,-288.44,-375.42,0.85,0.98,0.22,330,1947,1831
-81.88,-288.64,-366.82,0.90,1.06,0.34,333,1950,1822
-79.47,-286.95,-356.36,0.91,1.20,0.20,333,1947,1827
-76.58,-293.62,-357.25,0.51,1.15,-0.09,333,1950,1828
-69.63,-293.04,-362.59,0.45,1.21,-0.23,333,1947,1828
-59.65,-293.05,-364.27,0.36,1.32,0.10,331,1949,1827
-54.92,-292.44,-371.66,0.35,1.20,-0.34,327,1947,1827
-49.24,-290.41,-368.64,0.50,1.34,-0.32,331,1947,1827
-17.74,-267.86,-239.81,0.97,1.62,-0.34,332,1949,1830
-13.22,-260.49,-220.79,0.80,1.53,-0.38,325,1947,1828
-11.47,-250.35,-201.31,0.92,1.68,-0.30,329,1947,1824
-6.30,-236.92,-177.11,0.95,1.64,-0.50,332,1947,1826
4.93,-225.89,-150.23,0.96,1.61,-0.56,330,1949,1830
17.22,-215.68,-128.52,0.90,1.65,-0.57,331,1948,1826
56.14,-158.00,-30.94,0.76,1.72,-0.65,332,1948,1827
63.25,-145.42,-9.55,0.71,1.72,-0.64,331,1948,1826
70.12,-133.65,11.61,0.67,1.70,-0.60,335,1949,1825
75.83,-122.06,30.96,0.58,1.68,-0.58,329,1951,1827
79.92,-110.87,46.89,0.47,1.67,-0.52,331,1981,1828
82.95,-100.76,58.40,0.37,1.62,-0.49,331,1950,1828
85.22,-60.99,103.30,-0.03,1.54,-0.33,333,1950,1826
83.71,-56.23,103.88,-0.24,1.49,-0.32,333,1948,1830
-229.22,-79.21,-173.62,-0.12,0.34,0.98,556,1669,1250
-245.22,-87.89,-181.22,-0.11,0.44,1.10,560,1670,1250
-257.47,-97.30,-190.58,-0.11,0.44,1.00,560,1666,1244
-270.46,-107.19,-198.47,-0.01,0.43,1.00,560,1667,1247
-280.98,-115.88,-199.25,0.14,0.49,0.88,559,1667,1243
-322.06,-170.78,-234.73,0.41,0.43,0.73,560,1670,1241
-324.40,-181.76,-235.46,0.33,0.37,0.43,559,1669,1242
-316.98,-185.21,-233.92,0.11,0.53,0.07,559,1666,1243
-310.17,-187.68,-271.52,-0.35,0.23,0.10,560,1669,1243
-313.11,-195.15,-276.96,0.35,0.36,0.24,559,1669,1241
-240.24,-200.03,-192.81,0.48,1.30,-1.31,559,1680,1253
-243.10,-213.60,-203.69,0.36,0.80,0.30,542,1686,1255
-331.25,-223.80,-284.99,-1.83,0.22,0.48,556,1695,1286
-347.77,-222.15,-385.14,-0.43,0.08,0.89,545,1697,1311
-394.00,-221.09,-388.26,0.51,0.25,0.66,547,1702,1345
-395.07,-211.73,-255.10,2.11,1.29,-0.11,538,1745,1502
-387.51,-204.32,-195.59,1.45,0.99,-0.11,528,1751,1535
-381.89,-201.74,-173.28,1.18,0.94,-0.22,522,1746,1581
-374.09,-205.27,-154.06,1.12,0.99,-0.19,511,1755,1600
-357.40,-212.58,-137.77,1.11,1.27,-0.53,503,1753,1634
-253.74,-216.75,-67.65,0.79,1.60,-0.96,481,1773,1738
-228.64,-212.46,-54.15,0.43,1.37,-1.01,465,1767,1747
-197.51,-206.15,-64.12,0.31,1.50,-1.34,458,1783,1762
-172.29,-199.68,-57.08,0.45,1.56,-1.23,454,1788,1776
-135.53,-191.79,-36.30,0.66,1.93,-1.41,450,1808,1783
49.74,-172.96,-103.08,-0.54,1.92,-1.87,413,1828,1791
98.55,-162.72,-82.33,0.28,1.98,-1.72,400,1835,1794
117.73,-155.13,-99.57,-0.62,1.49,-1.69,401,1840,1795
139.47,-156.46,-14.24,1.67,1.98,-1.56,399,1855,1797
173.79,-164.87,47.15,0.57,1.98,-1.54,400,1854,1797
203.85,-156.34,34.84,-0.83,1.86,-1.64,399,1857,1794
257.11,-141.99,-121.78,-0.51,1.84,-0.66,399,1872,1796
265.73,-139.28,-130.49,-0.53,1.44,-0.58,396,1874,1797
280.61,-131.15,-125.36,0.07,1.65,-0.85,397,1881,1794
295.95,-123.70,-101.95,0.25,1.74,-0.83,393,1884,1797
310.34,-116.55,-88.85,0.08,1.51,-0.72,397,1886,1796
355.36,-96.93,-8.15,0.38,1.34,-0.23,399,1900,1794
356.66,-94.64,9.36,0.30,1.32,-0.13,400,1899,1795
358.86,-91.74,19.13,0.29,1.29,-0.04,400,1904,1793
356.76,-78.28,36.02,0.42,1.24,0.10,400,1910,1797
357.07,-64.20,54.31,0.36,1.34,-0.07,400,1906,1795
337.16,-65.34,95.83,1.12,1.07,0.39,396,1911,1794
349.59,-14.06,160.66,0.30,1.12,-0.14,396,1927,1797
349.56,1.83,178.23,0.10,1.04,-0.09,399,1927,1790
345.82,16.15,191.59,0.09,0.98,0.08,398,1926,1793
336.28,33.43,203.93,-0.02,0.96,0.17,398,1931,1795
325.86,52.09,214.57,-0.06,0.91,0.17,398,1925,1795
321.04,65.60,222.09,-0.15,0.85,0.17,400,1926,1795
296.76,120.75,198.96,-0.76,0.53,-1.26,400,1931,1808
287.47,128.50,202.64,-0.97,0.29,0.31,399,1930,1815
290.69,148.04,216.34,-0.23,0.67,0.14,392,1929,1813
287.54,162.43,250.96,0.03,0.51,0.29,397,1930,1813
278.11,172.50,249.90,-0.48,0.59,0.57,399,1934,1821
264.26,185.34,257.33,-0.35,0.64,0.58,394,1931,1820
201.05,227.05,310.89,-0.20,0.25,0.85,400,1934,1824
189.42,234.29,308.20,-0.36,0.13,0.86,397,1934,1825
177.59,240.85,317.65,-0.30,0.17,0.90,397,1934,1825
160.17,245.28,321.58,-0.25,0.12,1.06,399,1935,1824
149.60,251.30,346.25,-0.05,0.22,0.90,398,1931,1824
135.08,256.15,362.25,-0.17,0.14,0.91,399,1933,1826
63.44,255.57,403.53,-0.23,0.03,1.01,397,1935,1828
53.27,246.73,426.84,-0.07,0.03,0.92,399,1935,1828
39.71,237.33,447.61,-0.06,0.07,0.99,399,1933,1829
13.31,239.80,469.48,-0.15,-0.00,1.10,400,1932,1827
-14.56,243.27,478.54,-0.68,-0.23,1.03,397,1935,1827
-32.26,245.33,470.78,-0.56,-0.23,1.07,398,1932,1827
-121.04,247.71,450.05,-0.54,-0.24,1.03,398,1935,1827
-136.23,246.29,439.58,-0.56,-0.23,0.91,395,1932,1829
-148.49,244.82,423.12,-0.65,-0.23,0.83,398,1935,1829
-160.11,243.46,393.51,-0.85,-0.25,0.77,399,1935,1825
-173.74,238.66,368.78,-0.71,-0.18,0.80,397,1934,1827
-225.39,194.12,307.06,-0.85,-0.08,0.61,399,1932,1828
-238.20,183.69,289.58,-0.96,-0.07,0.67,396,1930,1828
-251.56,174.37,271.22,-0.96,-0.06,0.70,395,1931,1826
-265.62,163.60,256.19,-0.82,0.01,0.71,400,1935,1828
-278.20,152.20,238.66,-0.82,0.07,0.75,397,1931,1829
-291.76,144.81,213.85,-0.88,-0.07,0.66,397,1931,1828
-348.27,119.42,126.93,-0.47,0.03,0.69,398,1931,1829
-356.09,111.54,118.90,-0.50,0.08,0.51,397,1934,1826
-367.05,106.14,99.32,-0.51,0.04,0.48,398,1934,1827
-373.95,105.16,60.69,-0.91,-0.03,0.33,399,1933,1829
-379.98,100.84,26.57,-0.61,-0.04,0.41,399,1931,1829
-369.33,66.14,16.45,0.10,0.09,-0.34,397,1936,1827
-371.72,49.27,2.23,0.09,0.22,-0.14,399,1933,1826
-368.21,32.43,0.23,0.19,0.27,-0.12,400,1933,1829
-367.04,17.05,-22.26,0.05,0.24,-0.06,397,1931,1827
-364.76,6.14,-43.68,0.10,0.36,-0.25,399,1931,1826
-355.39,-6.18,-67.10,0.10,0.42,-0.23,399,1934,1830
-323.86,-79.57,-156.65,0.47,0.48,-0.06,399,1933,1831
-321.50,-84.38,-148.24,0.91,0.77,-0.14,396,1934,1827
-321.43,-94.54,-149.36,0.60,0.71,0.09,398,1936,1828
-322.37,-105.19,-144.04,0.81,0.72,0.22,397,1934,1831
-321.83,-117.86,-143.81,0.68,0.79,0.20,396,1935,1829
-323.40,-130.98,-153.22,0.60,0.83,0.22,398,1919,1829
-309.91,-186.80,-160.01,1.15,1.01,-0.13,399,1936,1819
-299.60,-197.85,-152.20,1.12,0.99,-0.24,393,1933,1829
-290.43,-208.40,-151.39,0.99,0.99,-0.13,396,1933,1826
-283.01,-219.12,-167.68,0.72,0.87,-0.13,397,1931,1828
-278.35,-225.60,-189.83,0.60,0.79,-0.16,397,1936,1830
-226.59,-246.15,-218.01,0.86,1.09,-0.30,398,1936,1828
-216.52,-252.17,-229.20,0.67,1.07,-0.31,397,1927,1829
-207.22,-257.28,-241.05,0.65,1.10,-0.35,398,1932,1830
-198.52,-260.81,-247.52,0.62,1.14,-0.37,399,1935,1831
-190.53,-263.30,-251.54,0.66,1.13,-0.36,397,1935,1831
-151.19,-275.89,-286.42,0.31,1.25,-0.42,396,1934,1838
-144.15,-278.92,-305.60,0.26,1.21,-0.46,397,1933,1844
-136.82,-281.21,-319.98,0.37,1.31,-0.51,397,1934,1847
-132.84,-283.57,-327.69,0.43,1.36,-0.31,403,1935,1859
-119.86,-285.25,-328.93,0.67,1.49,-0.59,399,1933,1862
-74.15,-276.38,-280.64,0.40,1.45,-0.44,397,1941,1877
-70.05,-276.58,-279.78,0.69,1.43,-0.32,400,1943,1885
-57.43,-277.45,-261.05,0.92,1.63,-0.51,397,1949,1884
-46.41,-271.28,-232.36,1.06,1.75,-0.53,396,1950,1887
-41.36,-261.39,-210.73,0.93,1.67,-0.58,395,1950,1886
13.80,-218.34,-117.43,0.64,1.69,-0.79,397,1953,1888
24.26,-208.89,-108.78,0.64,1.69,-0.75,397,1955,1888
35.71,-199.22,-89.07,0.78,1.79,-0.78,400,1955,1890
44.46,-188.67,-78.33,0.63,1.71,-0.68,398,1956,1887
54.84,-177.73,-53.45,0.89,1.83,-0.75,399,1953,1889
-236.26,-90.11,-192.61,-0.59,0.68,1.09,561,1602,1255
-242.00,-99.77,-198.41,-0.20,0.58,0.78,560,1605,1247
-243.95,-104.41,-198.42,-0.12,0.48,0.57,560,1601,1249
-244.59,-107.92,-194.13,0.03,0.69,0.72,563,1599,1249
-251.25,-117.85,-219.63,-0.42,0.70,0.64,561,1605,1249
-268.03,-179.15,-306.06,-0.53,0.36,0.30,560,1616,1251
-260.90,-186.80,-344.12,-0.36,0.48,-0.02,560,1600,1247
-254.46,-195.74,-358.38,0.35,0.54,0.10,560,1602,1249
-234.96,-199.86,-345.92,0.50,0.72,-0.09,560,1602,1249
-228.87,-193.56,-354.42,0.13,0.68,0.08,560,1603,1249
-177.65,-161.01,-339.95,-0.94,0.37,0.04,557,1609,1262
-207.04,-161.54,-399.05,-0.35,0.19,0.91,549,1616,1277
-226.46,-181.70,-397.51,0.46,1.00,-0.20,546,1616,1300
-250.66,-205.96,-393.34,0.83,0.65,0.73,543,1618,1325
-252.75,-216.09,-375.11,1.40,1.23,0.18,542,1619,1344
-248.82,-215.21,-207.05,1.30,1.28,0.32,499,1680,1461
-247.42,-225.07,-205.80,0.80,0.83,-0.04,495,1690,1488
-238.00,-230.29,-207.59,0.96,1.15,-0.10,487,1694,1520
-233.08,-231.51,-219.42,0.69,1.28,-0.10,484,1710,1552
-223.05,-226.64,-236.09,0.49,1.20,-0.16,475,1735,1578
-119.11,-170.73,-150.49,0.63,1.74,-0.97,448,1766,1649
-91.01,-162.11,-110.55,0.85,1.85,-0.93,434,1771,1664
-64.29,-161.42,-107.39,0.25,1.78,-0.92,432,1776,1671
-32.12,-167.94,-125.95,0.11,1.47,-0.76,430,1776,1679
42.09,-174.08,-109.77,0.73,0.81,-1.89,426,1786,1679
104.73,-151.31,-48.38,0.22,1.85,-1.01,400,1790,1743
120.38,-141.07,-49.51,-0.04,1.62,-0.78,400,1791,1699
133.39,-137.88,-70.97,-0.27,1.68,-0.57,394,1794,1711
146.08,-138.95,11.42,1.74,1.98,0.02,398,1792,1711
156.82,-144.99,-7.95,0.18,1.54,-0.38,397,1791,1711
173.48,-135.94,-27.28,-0.47,1.70,-0.63,395,1798,1712
203.34,-110.08,-97.72,-0.39,1.56,-0.38,398,1814,1712
207.48,-110.87,-134.97,-0.22,1.45,-0.29,397,1817,1714
214.35,-104.98,-113.52,0.88,1.80,-0.40,398,1815,1717
228.34,-93.33,-67.48,0.89,1.90,-0.49,397,1827,1717
234.99,-82.54,-47.63,0.30,1.22,-0.22,400,1839,1721
235.36,-67.24,61.51,0.66,1.46,0.11,393,1853,1744
230.47,-63.33,71.76,0.23,1.38,0.16,397,1858,1749
228.64,-57.85,79.36,0.21,1.34,0.00,399,1866,1750
230.26,-52.06,88.74,0.22,1.28,-0.12,394,1872,1763
234.17,-47.62,103.73,0.31,1.35,-0.11,398,1882,1770
238.31,-42.09,114.11,0.16,1.24,-0.14,395,1890,1776
268.09,15.39,186.16,-0.07,1.15,-0.22,398,1907,1793
277.89,29.46,194.06,-0.07,1.08,-0.33,399,1913,1794
286.57,42.26,199.56,-0.09,1.13,-0.21,398,1913,1797
294.67,56.56,213.64,0.03,1.00,-0.31,398,1909,1794
314.31,66.90,220.17,-0.05,0.78,-0.30,398,1913,1793
321.48,80.29,228.32,-0.12,0.80,-0.20,400,1913,1795
306.69,137.77,209.47,-0.53,0.73,-0.10,399,1909,1797
308.38,150.37,250.37,0.00,0.60,0.05,394,1910,1805
296.40,160.98,247.10,-0.68,0.47,0.62,399,1915,1808
275.05,172.29,238.70,-0.55,0.48,0.55,395,1914,1814
262.06,182.47,239.68,-0.42,0.40,0.61,399,1899,1823
252.89,191.25,250.84,-0.23,0.59,0.57,397,1917,1828
215.51,229.33,293.94,-0.39,0.32,0.73,398,1915,1859
202.37,238.58,292.49,-0.48,0.14,0.77,398,1915,1861
195.15,243.43,291.73,-0.53,0.18,0.68,400,1917,1868
182.69,246.59,291.54,-0.41,0.17,0.82,398,1914,1871
164.53,247.83,296.57,-0.31,0.21,0.91,398,1914,1872
147.70,248.26,300.05,-0.38,0.26,0.95,396,1914,1872
66.69,244.61,391.61,0.05,0.22,1.07,394,1915,1879
36.12,254.56,396.49,-0.41,-0.09,1.04,400,1911,1879
14.87,258.18,397.71,-0.34,-0.04,1.05,400,1911,1879
-3.94,263.22,395.18,-0.34,-0.10,1.04,398,1911,1878
-22.09,266.41,392.90,-0.29,-0.05,1.09,399,1917,1879
-42.79,269.24,389.41,-0.29,-0.14,1.15,396,1916,1881
-138.59,276.69,405.19,-0.24,-0.22,0.91,393,1916,1885
-155.08,275.46,397.27,-0.29,-0.23,0.88,397,1913,1879
-170.61,271.37,382.57,-0.45,-0.29,0.83,397,1917,1879
-183.42,262.38,372.61,-0.41,-0.21,0.80,396,1914,1882
-198.79,251.17,371.15,-0.37,-0.15,0.84,400,1915,1877
-269.21,201.11,312.57,-0.96,-0.27,0.76,398,1913,1882
-282.38,191.40,279.15,-1.05,-0.24,0.70,400,1915,1878
-292.37,182.41,252.83,-0.90,-0.19,0.60,398,1915,1885
-302.90,171.63,242.52,-0.60,-0.10,0.59,399,1911,1881
-317.18,161.02,238.28,-0.37,0.04,0.68,399,1915,1881
-333.48,154.29,236.40,-0.44,-0.05,0.55,396,1911,1879
-382.58,107.53,174.86,-0.46,0.05,0.57,397,1913,1879
-391.95,100.50,165.73,-0.34,0.09,0.58,396,1913,1883
-399.83,92.52,151.51,-0.26,0.04,0.50,395,1913,1883
-413.37,83.46,136.95,-0.33,-0.04,0.61,399,1915,1879
-429.36,72.70,112.37,-0.39,-0.06,0.57,398,1916,1878
-443.97,52.43,77.79,0.30,0.09,-0.19,389,1918,1883
-434.79,40.26,76.86,0.11,0.20,-0.17,391,1911,1878
-421.56,24.06,83.24,0.46,0.34,-0.26,390,1913,1879
-414.11,4.96,74.78,0.24,0.18,-0.23,386,1915,1881
-409.68,-8.41,63.16,0.15,0.29,-0.36,386,1915,1882
-403.16,-19.70,29.91,-0.07,0.18,-0.40,379,1913,1886
-341.71,-66.21,-20.70,0.37,0.59,-0.55,367,1914,1882
-325.19,-78.35,-39.37,0.22,0.67,-0.58,363,1915,1879
-308.43,-91.39,-60.18,0.31,0.77,-0.58,357,1912,1881
-296.11,-104.40,-75.66,0.33,0.82,-0.52,350,1913,1881
-281.79,-119.02,-93.39,0.34,0.89,-0.58,341,1910,1878
-269.97,-134.84,-112.75,0.38,0.97,-0.49,336,1913,1879
-216.99,-191.24,-144.87,0.30,1.30,-0.20,325,1915,1878
-212.15,-204.05,-164.73,0.29,1.31,-0.10,326,1916,1878
-204.90,-220.47,-176.13,0.53,1.42,-0.10,323,1913,1878
-200.64,-234.12,-189.07,0.41,1.37,-0.08,322,1913,1877
-195.39,-248.41,-206.26,0.40,1.42,-0.10,322,1914,1879
-179.40,-304.67,-247.84,0.49,1.33,-0.10,322,1917,1884
-172.30,-318.84,-255.81,0.57,1.36,-0.11,330,1910,1880
-166.30,-332.12,-262.71,0.57,1.35,-0.12,322,1915,1881
-160.98,-343.15,-266.49,0.62,1.33,-0.14,326,1910,1881
-153.34,-351.31,-271.00,0.56,1.26,-0.28,326,1911,1879
-96.29,-378.64,-310.20,0.56,1.23,-0.67,324,1916,1883
-77.11,-379.27,-311.17,0.58,1.32,-0.68,320,1915,1878
-64.59,-378.60,-317.46,0.46,1.34,-0.57,322,1910,1878
-57.14,-372.67,-322.38,0.52,1.41,-0.56,322,1913,1879
-42.23,-377.13,-326.75,0.21,1.31,-0.34,326,1913,1881
-32.23,-377.89,-334.75,0.38,1.46,-0.46,321,1913,1882
2.26,-361.05,-303.49,0.77,1.50,-0.36,323,1913,1881
10.73,-358.41,-295.54,0.81,1.54,-0.41,322,1911,1881
17.50,-356.28,-305.10,0.36,1.33,-0.46,325,1913,1881
21.95,-351.62,-302.65,0.79,1.56,-0.43,323,1909,1881
21.59,-342.35,-273.22,1.14,1.78,-0.35,325,1911,1882
42.75,-285.83,-117.37,1.41,1.94,-0.41,323,1913,1879
46.20,-270.06,-81.11,1.13,1.71,-0.52,323,1907,1883
49.77,-244.52,-67.07,0.54,1.59,-0.57,326,1918,1883
54.00,-223.33,-76.88,0.33,1.45,-0.57,323,1915,1878